text,label
I am enjoying this moment in this moment,joy
Life feels great right now right now,joy
This makes me smile a lot in this moment,joy
I am enjoying this moment very much,joy
I feel amazing and positive in this moment,joy
Life feels great right now a lot,joy
I feel very happy today in this moment,joy
I feel very happy today today,joy
I feel very happy today,joy
I am enjoying this moment very much,joy
Life feels great right now very much,joy
I feel amazing and positive today,joy
I feel very happy today in this moment,joy
I feel amazing and positive in this moment,joy
I am enjoying this moment,joy
I feel amazing and positive right now,joy
This makes me smile a lot,joy
I am enjoying this moment,joy
This makes me smile a lot a lot,joy
I am enjoying this moment today,joy
I feel very happy today in this moment,joy
I feel very happy today a lot,joy
Life feels great right now a lot,joy
Life feels great right now right now,joy
I feel amazing and positive a lot,joy
Life feels great right now in this moment,joy
This makes me smile a lot a lot,joy
This makes me smile a lot,joy
Life feels great right now right now,joy
Life feels great right now very much,joy
Life feels great right now,joy
I am enjoying this moment a lot,joy
I feel amazing and positive very much,joy
This makes me smile a lot right now,joy
This makes me smile a lot in this moment,joy
Life feels great right now a lot,joy
This makes me smile a lot today,joy
Life feels great right now right now,joy
I am enjoying this moment,joy
I feel very happy today very much,joy
Life feels great right now right now,joy
This makes me smile a lot today,joy
I am enjoying this moment right now,joy
This makes me smile a lot today,joy
I feel very happy today very much,joy
This makes me smile a lot right now,joy
I feel very happy today today,joy
I am enjoying this moment right now,joy
Life feels great right now a lot,joy
I am enjoying this moment very much,joy
Life feels great right now in this moment,joy
I am enjoying this moment right now,joy
I feel very happy today in this moment,joy
Life feels great right now today,joy
Life feels great right now a lot,joy
Life feels great right now in this moment,joy
I am enjoying this moment right now,joy
I feel amazing and positive very much,joy
I am enjoying this moment in this moment,joy
This makes me smile a lot a lot,joy
I feel very happy today right now,joy
I feel amazing and positive in this moment,joy
This makes me smile a lot today,joy
This makes me smile a lot in this moment,joy
I feel very happy today very much,joy
This makes me smile a lot very much,joy
I am enjoying this moment a lot,joy
I feel amazing and positive,joy
Life feels great right now very much,joy
Life feels great right now,joy
I am enjoying this moment very much,joy
I am enjoying this moment,joy
I feel amazing and positive in this moment,joy
I feel amazing and positive,joy
I am enjoying this moment a lot,joy
I feel very happy today today,joy
This makes me smile a lot in this moment,joy
Life feels great right now right now,joy
I feel amazing and positive very much,joy
I am enjoying this moment right now,joy
I feel amazing and positive,joy
I am enjoying this moment in this moment,joy
I feel very happy today in this moment,joy
Life feels great right now very much,joy
I feel very happy today right now,joy
I am enjoying this moment right now,joy
I feel amazing and positive in this moment,joy
I am enjoying this moment today,joy
This makes me smile a lot very much,joy
I am enjoying this moment right now,joy
Life feels great right now very much,joy
I am enjoying this moment,joy
I am enjoying this moment a lot,joy
I feel amazing and positive right now,joy
I am enjoying this moment in this moment,joy
Life feels great right now a lot,joy
Life feels great right now,joy
Life feels great right now in this moment,joy
Life feels great right now,joy
I feel very happy today a lot,joy
I feel amazing and positive very much,joy
This makes me smile a lot right now,joy
I feel very happy today very much,joy
I feel very happy today in this moment,joy
I feel amazing and positive today,joy
This makes me smile a lot very much,joy
I am enjoying this moment today,joy
I feel amazing and positive very much,joy
I feel very happy today,joy
I am enjoying this moment,joy
Life feels great right now in this moment,joy
I feel amazing and positive very much,joy
I feel amazing and positive right now,joy
Life feels great right now right now,joy
I am enjoying this moment a lot,joy
I feel very happy today in this moment,joy
I feel very happy today a lot,joy
I feel very happy today a lot,joy
I feel amazing and positive a lot,joy
I feel amazing and positive right now,joy
I feel amazing and positive right now,joy
Life feels great right now right now,joy
I feel very happy today very much,joy
I am enjoying this moment right now,joy
I feel very happy today in this moment,joy
This makes me smile a lot,joy
I am enjoying this moment,joy
Life feels great right now very much,joy
I feel very happy today in this moment,joy
Life feels great right now a lot,joy
This makes me smile a lot in this moment,joy
I am enjoying this moment right now,joy
I feel amazing and positive right now,joy
Life feels great right now a lot,joy
This makes me smile a lot very much,joy
I feel amazing and positive right now,joy
This makes me smile a lot,joy
Life feels great right now very much,joy
I am enjoying this moment,joy
I feel very happy today,joy
This makes me smile a lot,joy
This makes me smile a lot,joy
This makes me smile a lot,joy
Life feels great right now very much,joy
Life feels great right now,joy
This makes me smile a lot very much,joy
I am enjoying this moment a lot,joy
I feel very happy today right now,joy
I feel amazing and positive,joy
This makes me smile a lot,joy
I feel amazing and positive right now,joy
I feel amazing and positive,joy
Life feels great right now a lot,joy
I am enjoying this moment right now,joy
I feel amazing and positive a lot,joy
I feel amazing and positive right now,joy
Life feels great right now today,joy
I feel amazing and positive very much,joy
I feel amazing and positive in this moment,joy
I feel very happy today very much,joy
Life feels great right now right now,joy
This makes me smile a lot right now,joy
Life feels great right now in this moment,joy
This makes me smile a lot very much,joy
I feel very happy today right now,joy
Life feels great right now right now,joy
Life feels great right now today,joy
I feel very happy today in this moment,joy
I feel very happy today in this moment,joy
I am enjoying this moment right now,joy
I am enjoying this moment very much,joy
I feel very happy today a lot,joy
Life feels great right now,joy
I feel very happy today a lot,joy
This makes me smile a lot a lot,joy
Life feels great right now a lot,joy
I feel amazing and positive today,joy
I am enjoying this moment today,joy
I feel amazing and positive today,joy
I am enjoying this moment very much,joy
Life feels great right now in this moment,joy
This makes me smile a lot,joy
I feel amazing and positive today,joy
Life feels great right now today,joy
I feel very happy today very much,joy
I am enjoying this moment right now,joy
I feel amazing and positive very much,joy
I feel very happy today today,joy
I am enjoying this moment a lot,joy
I feel amazing and positive a lot,joy
Life feels great right now right now,joy
Life feels great right now very much,joy
I am enjoying this moment in this moment,joy
Life feels great right now a lot,joy
Life feels great right now right now,joy
I feel very happy today very much,joy
I am enjoying this moment in this moment,joy
I am enjoying this moment today,joy
I feel very happy today right now,joy
I feel very happy today today,joy
I rely on my friends in this moment,trust
I feel safe and secure right now,trust
I believe everything will be fine very much,trust
I feel confident and calm,trust
I feel safe and secure right now,trust
I feel safe and secure right now,trust
I feel safe and secure very much,trust
I believe everything will be fine,trust
I trust the people around me today,trust
I feel confident and calm,trust
I trust the people around me right now,trust
I trust the people around me a lot,trust
I believe everything will be fine today,trust
I feel confident and calm a lot,trust
I feel confident and calm today,trust
I feel safe and secure in this moment,trust
I feel safe and secure,trust
I rely on my friends right now,trust
I feel confident and calm a lot,trust
I trust the people around me very much,trust
I believe everything will be fine very much,trust
I feel confident and calm very much,trust
I feel safe and secure today,trust
I believe everything will be fine,trust
I rely on my friends a lot,trust
I rely on my friends,trust
I believe everything will be fine very much,trust
I believe everything will be fine in this moment,trust
I feel confident and calm,trust
I feel confident and calm a lot,trust
I feel safe and secure,trust
I rely on my friends,trust
I feel safe and secure right now,trust
I believe everything will be fine today,trust
I trust the people around me very much,trust
I believe everything will be fine very much,trust
I rely on my friends right now,trust
I rely on my friends in this moment,trust
I rely on my friends very much,trust
I believe everything will be fine a lot,trust
I trust the people around me today,trust
I rely on my friends very much,trust
I believe everything will be fine today,trust
I believe everything will be fine a lot,trust
I rely on my friends very much,trust
I feel safe and secure today,trust
I believe everything will be fine a lot,trust
I believe everything will be fine right now,trust
I trust the people around me right now,trust
I feel safe and secure right now,trust
I rely on my friends a lot,trust
I trust the people around me a lot,trust
I rely on my friends right now,trust
I trust the people around me today,trust
I trust the people around me a lot,trust
I rely on my friends today,trust
I feel safe and secure in this moment,trust
I believe everything will be fine today,trust
I believe everything will be fine a lot,trust
I believe everything will be fine very much,trust
I trust the people around me,trust
I believe everything will be fine in this moment,trust
I trust the people around me right now,trust
I feel confident and calm right now,trust
I rely on my friends a lot,trust
I rely on my friends right now,trust
I feel safe and secure very much,trust
I trust the people around me right now,trust
I feel safe and secure in this moment,trust
I rely on my friends today,trust
I trust the people around me right now,trust
I believe everything will be fine in this moment,trust
I feel confident and calm today,trust
I rely on my friends a lot,trust
I believe everything will be fine right now,trust
I feel safe and secure right now,trust
I believe everything will be fine a lot,trust
I feel safe and secure in this moment,trust
I trust the people around me,trust
I feel confident and calm a lot,trust
I feel safe and secure,trust
I feel confident and calm,trust
I believe everything will be fine a lot,trust
I believe everything will be fine very much,trust
I trust the people around me today,trust
I feel safe and secure in this moment,trust
I believe everything will be fine,trust
I feel safe and secure today,trust
I believe everything will be fine in this moment,trust
I trust the people around me today,trust
I feel safe and secure very much,trust
I feel confident and calm in this moment,trust
I feel safe and secure very much,trust
I feel confident and calm right now,trust
I feel confident and calm today,trust
I feel confident and calm,trust
I feel confident and calm,trust
I trust the people around me right now,trust
I rely on my friends today,trust
I rely on my friends very much,trust
I trust the people around me a lot,trust
I rely on my friends today,trust
I rely on my friends right now,trust
I trust the people around me right now,trust
I trust the people around me,trust
I rely on my friends today,trust
I rely on my friends today,trust
I rely on my friends very much,trust
I trust the people around me a lot,trust
I feel safe and secure a lot,trust
I feel confident and calm very much,trust
I believe everything will be fine today,trust
I trust the people around me,trust
I feel safe and secure a lot,trust
I feel safe and secure,trust
I trust the people around me very much,trust
I rely on my friends today,trust
I feel confident and calm,trust
I feel confident and calm right now,trust
I feel safe and secure right now,trust
I feel confident and calm today,trust
I trust the people around me right now,trust
I trust the people around me,trust
I believe everything will be fine,trust
I feel confident and calm in this moment,trust
I rely on my friends a lot,trust
I feel safe and secure in this moment,trust
I rely on my friends today,trust
I feel confident and calm,trust
I feel confident and calm today,trust
I believe everything will be fine today,trust
I feel confident and calm,trust
I feel safe and secure today,trust
I rely on my friends right now,trust
I feel safe and secure in this moment,trust
I feel safe and secure,trust
I believe everything will be fine a lot,trust
I feel confident and calm,trust
I feel safe and secure today,trust
I feel confident and calm in this moment,trust
I rely on my friends,trust
I trust the people around me today,trust
I believe everything will be fine a lot,trust
I trust the people around me a lot,trust
I feel safe and secure right now,trust
I believe everything will be fine today,trust
I believe everything will be fine a lot,trust
I believe everything will be fine today,trust
I rely on my friends right now,trust
I trust the people around me very much,trust
I feel confident and calm in this moment,trust
I trust the people around me,trust
I trust the people around me a lot,trust
I trust the people around me,trust
I rely on my friends,trust
I believe everything will be fine right now,trust
I rely on my friends right now,trust
I feel confident and calm right now,trust
I feel confident and calm today,trust
I trust the people around me very much,trust
I feel safe and secure today,trust
I feel safe and secure very much,trust
I feel safe and secure very much,trust
I rely on my friends very much,trust
I feel safe and secure,trust
I feel confident and calm a lot,trust
I rely on my friends very much,trust
I feel safe and secure in this moment,trust
I feel safe and secure,trust
I feel confident and calm,trust
I rely on my friends today,trust
I rely on my friends,trust
I rely on my friends,trust
I feel confident and calm in this moment,trust
I rely on my friends in this moment,trust
I feel safe and secure in this moment,trust
I trust the people around me very much,trust
I trust the people around me today,trust
I believe everything will be fine very much,trust
I feel safe and secure very much,trust
I rely on my friends,trust
I rely on my friends,trust
I trust the people around me in this moment,trust
I rely on my friends a lot,trust
I trust the people around me in this moment,trust
I trust the people around me right now,trust
I rely on my friends in this moment,trust
I feel safe and secure a lot,trust
I believe everything will be fine in this moment,trust
I believe everything will be fine right now,trust
I rely on my friends,trust
I believe everything will be fine very much,trust
I believe everything will be fine a lot,trust
I trust the people around me right now,trust
I feel confident and calm,trust
I believe everything will be fine,trust
I believe everything will be fine,trust
I trust the people around me right now,trust
I believe everything will be fine,trust
I believe everything will be fine right now,trust
I feel worried about the future a lot,fear
I am really scared right now in this moment,fear
I feel worried about the future in this moment,fear
I feel worried about the future in this moment,fear
I am afraid of what will happen very much,fear
This situation scares me,fear
I am really scared right now very much,fear
I am afraid of what will happen today,fear
I am really scared right now very much,fear
I feel nervous and anxious in this moment,fear
I feel nervous and anxious right now,fear
I feel nervous and anxious a lot,fear
I feel nervous and anxious very much,fear
I am afraid of what will happen,fear
I am afraid of what will happen,fear
I feel worried about the future right now,fear
I am afraid of what will happen right now,fear
I feel worried about the future in this moment,fear
I feel nervous and anxious a lot,fear
I am really scared right now a lot,fear
I feel nervous and anxious a lot,fear
This situation scares me a lot,fear
I feel nervous and anxious very much,fear
I feel nervous and anxious right now,fear
I am really scared right now a lot,fear
I am afraid of what will happen very much,fear
I feel nervous and anxious right now,fear
I feel nervous and anxious in this moment,fear
I am afraid of what will happen right now,fear
I am really scared right now right now,fear
I am afraid of what will happen very much,fear
I feel nervous and anxious in this moment,fear
I am really scared right now very much,fear
I am really scared right now very much,fear
I am really scared right now,fear
I am really scared right now,fear
This situation scares me today,fear
I feel nervous and anxious,fear
I am really scared right now right now,fear
I am really scared right now right now,fear
I feel nervous and anxious a lot,fear
I am afraid of what will happen very much,fear
I feel worried about the future a lot,fear
I feel nervous and anxious in this moment,fear
I am afraid of what will happen right now,fear
This situation scares me right now,fear
I am really scared right now a lot,fear
I feel worried about the future very much,fear
I feel worried about the future a lot,fear
This situation scares me very much,fear
I am really scared right now today,fear
I am afraid of what will happen today,fear
I feel worried about the future in this moment,fear
I feel nervous and anxious a lot,fear
This situation scares me right now,fear
I am afraid of what will happen very much,fear
This situation scares me right now,fear
I feel nervous and anxious a lot,fear
I am afraid of what will happen today,fear
This situation scares me a lot,fear
I am really scared right now in this moment,fear
I am really scared right now today,fear
I am really scared right now very much,fear
I feel worried about the future a lot,fear
I feel worried about the future right now,fear
I feel worried about the future very much,fear
I feel nervous and anxious in this moment,fear
This situation scares me a lot,fear
I am afraid of what will happen in this moment,fear
I feel nervous and anxious today,fear
This situation scares me today,fear
I am really scared right now in this moment,fear
This situation scares me a lot,fear
I feel nervous and anxious right now,fear
I am really scared right now very much,fear
This situation scares me very much,fear
This situation scares me,fear
I feel worried about the future a lot,fear
I feel nervous and anxious in this moment,fear
I am really scared right now today,fear
I feel nervous and anxious right now,fear
This situation scares me in this moment,fear
This situation scares me very much,fear
I feel worried about the future in this moment,fear
This situation scares me,fear
I feel nervous and anxious a lot,fear
I am afraid of what will happen right now,fear
I am really scared right now,fear
I am really scared right now right now,fear
This situation scares me in this moment,fear
This situation scares me very much,fear
I feel nervous and anxious in this moment,fear
I am afraid of what will happen a lot,fear
I am really scared right now today,fear
I feel worried about the future a lot,fear
I feel worried about the future,fear
I feel nervous and anxious a lot,fear
I am really scared right now today,fear
I feel worried about the future a lot,fear
This situation scares me today,fear
I am afraid of what will happen today,fear
I feel worried about the future today,fear
This situation scares me a lot,fear
This situation scares me very much,fear
I am afraid of what will happen today,fear
I feel nervous and anxious in this moment,fear
This situation scares me today,fear
I feel nervous and anxious in this moment,fear
This situation scares me today,fear
I feel nervous and anxious a lot,fear
I feel nervous and anxious,fear
I feel worried about the future very much,fear
I feel worried about the future in this moment,fear
I am really scared right now a lot,fear
I am afraid of what will happen a lot,fear
This situation scares me a lot,fear
I feel worried about the future very much,fear
I feel worried about the future in this moment,fear
I am really scared right now,fear
I am afraid of what will happen,fear
I feel worried about the future today,fear
I am afraid of what will happen a lot,fear
I feel worried about the future today,fear
I am afraid of what will happen very much,fear
I feel worried about the future very much,fear
I feel nervous and anxious in this moment,fear
I feel nervous and anxious right now,fear
I feel nervous and anxious right now,fear
I am really scared right now very much,fear
I feel worried about the future,fear
I feel nervous and anxious in this moment,fear
I feel nervous and anxious right now,fear
I am really scared right now in this moment,fear
I am really scared right now,fear
I am afraid of what will happen very much,fear
I am really scared right now today,fear
I am afraid of what will happen very much,fear
I am afraid of what will happen in this moment,fear
I feel nervous and anxious in this moment,fear
I feel nervous and anxious a lot,fear
I am really scared right now right now,fear
This situation scares me right now,fear
I feel nervous and anxious right now,fear
I feel worried about the future very much,fear
I feel nervous and anxious very much,fear
I feel worried about the future,fear
I am afraid of what will happen in this moment,fear
I feel worried about the future very much,fear
This situation scares me very much,fear
This situation scares me in this moment,fear
I am really scared right now a lot,fear
I feel worried about the future a lot,fear
This situation scares me today,fear
I feel nervous and anxious in this moment,fear
I feel worried about the future today,fear
I feel worried about the future right now,fear
I feel worried about the future in this moment,fear
This situation scares me right now,fear
I am afraid of what will happen today,fear
This situation scares me in this moment,fear
I am really scared right now very much,fear
I feel nervous and anxious right now,fear
I feel worried about the future today,fear
I am afraid of what will happen right now,fear
This situation scares me a lot,fear
This situation scares me a lot,fear
I feel nervous and anxious very much,fear
I am afraid of what will happen right now,fear
I feel nervous and anxious in this moment,fear
I am afraid of what will happen right now,fear
I am really scared right now right now,fear
I feel nervous and anxious very much,fear
I feel worried about the future,fear
I am really scared right now right now,fear
I am afraid of what will happen today,fear
This situation scares me very much,fear
This situation scares me in this moment,fear
I feel nervous and anxious a lot,fear
I am really scared right now,fear
I am really scared right now in this moment,fear
I feel nervous and anxious very much,fear
I feel nervous and anxious today,fear
I am afraid of what will happen a lot,fear
I feel nervous and anxious in this moment,fear
I am afraid of what will happen very much,fear
I am afraid of what will happen right now,fear
I am afraid of what will happen a lot,fear
I am afraid of what will happen a lot,fear
I am really scared right now right now,fear
I feel worried about the future a lot,fear
This situation scares me today,fear
I feel nervous and anxious today,fear
This situation scares me a lot,fear
This situation scares me in this moment,fear
I feel worried about the future today,fear
I am really scared right now right now,fear
I feel nervous and anxious very much,fear
I feel nervous and anxious right now,fear
I am really scared right now a lot,fear
I am really scared right now,fear
That was unexpected in this moment,surprise
I am surprised by this news very much,surprise
I am surprised by this news in this moment,surprise
That was unexpected today,surprise
I am surprised by this news in this moment,surprise
I feel shocked right now right now,surprise
I did not expect that today,surprise
This amazed me a lot,surprise
This amazed me a lot very much,surprise
I feel shocked right now,surprise
I feel shocked right now in this moment,surprise
I am surprised by this news right now,surprise
I am surprised by this news,surprise
I am surprised by this news a lot,surprise
I feel shocked right now a lot,surprise
I did not expect that today,surprise
I feel shocked right now a lot,surprise
This amazed me a lot,surprise
I feel shocked right now in this moment,surprise
That was unexpected very much,surprise
That was unexpected right now,surprise
This amazed me a lot today,surprise
I did not expect that right now,surprise
I did not expect that in this moment,surprise
That was unexpected in this moment,surprise
I did not expect that right now,surprise
I feel shocked right now,surprise
This amazed me a lot,surprise
I did not expect that in this moment,surprise
I feel shocked right now very much,surprise
This amazed me a lot in this moment,surprise
I feel shocked right now very much,surprise
That was unexpected very much,surprise
This amazed me a lot in this moment,surprise
This amazed me a lot,surprise
I am surprised by this news very much,surprise
That was unexpected in this moment,surprise
I feel shocked right now today,surprise
That was unexpected very much,surprise
I did not expect that a lot,surprise
I did not expect that right now,surprise
That was unexpected right now,surprise
This amazed me a lot a lot,surprise
I did not expect that,surprise
That was unexpected a lot,surprise
I am surprised by this news,surprise
This amazed me a lot in this moment,surprise
I am surprised by this news in this moment,surprise
I am surprised by this news today,surprise
That was unexpected,surprise
That was unexpected a lot,surprise
That was unexpected a lot,surprise
I feel shocked right now a lot,surprise
That was unexpected today,surprise
I feel shocked right now right now,surprise
I am surprised by this news very much,surprise
This amazed me a lot today,surprise
That was unexpected very much,surprise
This amazed me a lot very much,surprise
That was unexpected,surprise
I am surprised by this news in this moment,surprise
I did not expect that right now,surprise
I am surprised by this news very much,surprise
I did not expect that in this moment,surprise
That was unexpected today,surprise
I did not expect that right now,surprise
That was unexpected,surprise
That was unexpected very much,surprise
This amazed me a lot in this moment,surprise
This amazed me a lot,surprise
This amazed me a lot very much,surprise
This amazed me a lot right now,surprise
That was unexpected in this moment,surprise
That was unexpected,surprise
I am surprised by this news very much,surprise
This amazed me a lot right now,surprise
This amazed me a lot very much,surprise
That was unexpected right now,surprise
This amazed me a lot right now,surprise
I feel shocked right now today,surprise
That was unexpected a lot,surprise
I am surprised by this news a lot,surprise
I feel shocked right now a lot,surprise
I am surprised by this news right now,surprise
I am surprised by this news in this moment,surprise
I feel shocked right now today,surprise
I feel shocked right now today,surprise
I am surprised by this news today,surprise
That was unexpected right now,surprise
I did not expect that in this moment,surprise
This amazed me a lot,surprise
I did not expect that,surprise
I did not expect that very much,surprise
This amazed me a lot right now,surprise
That was unexpected,surprise
That was unexpected today,surprise
I feel shocked right now,surprise
I did not expect that right now,surprise
I am surprised by this news a lot,surprise
I feel shocked right now today,surprise
I did not expect that,surprise
I did not expect that in this moment,surprise
I feel shocked right now in this moment,surprise
I feel shocked right now today,surprise
This amazed me a lot in this moment,surprise
I am surprised by this news in this moment,surprise
I feel shocked right now very much,surprise
This amazed me a lot very much,surprise
I feel shocked right now a lot,surprise
I did not expect that,surprise
This amazed me a lot very much,surprise
I am surprised by this news,surprise
That was unexpected right now,surprise
I did not expect that,surprise
I am surprised by this news in this moment,surprise
That was unexpected,surprise
This amazed me a lot very much,surprise
This amazed me a lot very much,surprise
I did not expect that very much,surprise
I feel shocked right now very much,surprise
I feel shocked right now a lot,surprise
I did not expect that very much,surprise
I feel shocked right now right now,surprise
That was unexpected very much,surprise
I am surprised by this news in this moment,surprise
This amazed me a lot in this moment,surprise
I feel shocked right now a lot,surprise
I feel shocked right now very much,surprise
That was unexpected,surprise
I did not expect that today,surprise
I am surprised by this news very much,surprise
I am surprised by this news in this moment,surprise
I am surprised by this news a lot,surprise
I feel shocked right now very much,surprise
I did not expect that right now,surprise
I did not expect that a lot,surprise
That was unexpected,surprise
That was unexpected today,surprise
I am surprised by this news,surprise
That was unexpected a lot,surprise
This amazed me a lot in this moment,surprise
I did not expect that very much,surprise
This amazed me a lot,surprise
This amazed me a lot right now,surprise
I did not expect that,surprise
I did not expect that right now,surprise
I feel shocked right now a lot,surprise
That was unexpected very much,surprise
I feel shocked right now today,surprise
I am surprised by this news,surprise
I feel shocked right now today,surprise
I feel shocked right now very much,surprise
This amazed me a lot in this moment,surprise
I feel shocked right now a lot,surprise
I feel shocked right now in this moment,surprise
I did not expect that,surprise
That was unexpected a lot,surprise
That was unexpected very much,surprise
That was unexpected,surprise
I am surprised by this news in this moment,surprise
I am surprised by this news,surprise
I am surprised by this news today,surprise
I am surprised by this news right now,surprise
That was unexpected today,surprise
I did not expect that in this moment,surprise
That was unexpected very much,surprise
I feel shocked right now right now,surprise
That was unexpected very much,surprise
That was unexpected in this moment,surprise
I am surprised by this news,surprise
That was unexpected a lot,surprise
I did not expect that a lot,surprise
I feel shocked right now a lot,surprise
That was unexpected right now,surprise
I did not expect that today,surprise
I did not expect that today,surprise
This amazed me a lot,surprise
I feel shocked right now in this moment,surprise
I am surprised by this news right now,surprise
I feel shocked right now a lot,surprise
I did not expect that,surprise
This amazed me a lot right now,surprise
I did not expect that right now,surprise
I am surprised by this news right now,surprise
I am surprised by this news in this moment,surprise
I did not expect that,surprise
This amazed me a lot today,surprise
That was unexpected a lot,surprise
This amazed me a lot today,surprise
I did not expect that right now,surprise
This amazed me a lot,surprise
This amazed me a lot in this moment,surprise
I feel shocked right now in this moment,surprise
That was unexpected in this moment,surprise
I did not expect that very much,surprise
I am surprised by this news right now,surprise
I am surprised by this news right now,surprise
This amazed me a lot a lot,surprise
I feel shocked right now,surprise
I did not expect that today,surprise
I feel depressed and tired today,sadness
I feel depressed and tired very much,sadness
This makes me want to cry very much,sadness
I feel very sad today right now,sadness
I feel very sad today in this moment,sadness
I am lonely and hurt today,sadness
I am lonely and hurt today,sadness
I am lonely and hurt a lot,sadness
I feel depressed and tired in this moment,sadness
I feel empty inside today,sadness
I am lonely and hurt,sadness
I feel empty inside in this moment,sadness
I am lonely and hurt a lot,sadness
I am lonely and hurt in this moment,sadness
I feel very sad today right now,sadness
I feel depressed and tired today,sadness
I feel empty inside a lot,sadness
I feel depressed and tired today,sadness
I feel very sad today today,sadness
This makes me want to cry,sadness
I feel depressed and tired very much,sadness
This makes me want to cry,sadness
I feel depressed and tired right now,sadness
I feel very sad today in this moment,sadness
I feel very sad today very much,sadness
This makes me want to cry very much,sadness
I feel depressed and tired very much,sadness
I am lonely and hurt,sadness
I feel depressed and tired a lot,sadness
I feel very sad today very much,sadness
I feel depressed and tired in this moment,sadness
I feel very sad today a lot,sadness
I am lonely and hurt in this moment,sadness
I feel depressed and tired in this moment,sadness
I feel empty inside very much,sadness
I am lonely and hurt a lot,sadness
I feel empty inside today,sadness
I feel depressed and tired a lot,sadness
I feel empty inside right now,sadness
I feel very sad today very much,sadness
I feel depressed and tired in this moment,sadness
I feel empty inside today,sadness
I feel very sad today,sadness
I feel very sad today,sadness
I feel depressed and tired today,sadness
I feel very sad today a lot,sadness
I feel very sad today,sadness
I am lonely and hurt very much,sadness
I feel depressed and tired right now,sadness
I feel very sad today in this moment,sadness
I am lonely and hurt in this moment,sadness
I feel depressed and tired right now,sadness
I feel very sad today today,sadness
I feel very sad today a lot,sadness
This makes me want to cry right now,sadness
I feel empty inside a lot,sadness
I feel empty inside,sadness
This makes me want to cry today,sadness
I am lonely and hurt a lot,sadness
I am lonely and hurt today,sadness
I feel empty inside right now,sadness
I feel depressed and tired a lot,sadness
I feel depressed and tired,sadness
I feel very sad today a lot,sadness
I feel empty inside right now,sadness
I am lonely and hurt in this moment,sadness
I am lonely and hurt today,sadness
This makes me want to cry in this moment,sadness
I feel empty inside in this moment,sadness
I feel very sad today in this moment,sadness
I am lonely and hurt right now,sadness
I am lonely and hurt right now,sadness
I feel empty inside right now,sadness
I am lonely and hurt today,sadness
I am lonely and hurt very much,sadness
I am lonely and hurt,sadness
I feel very sad today,sadness
I feel empty inside right now,sadness
I feel depressed and tired today,sadness
I am lonely and hurt in this moment,sadness
I feel very sad today in this moment,sadness
I feel depressed and tired in this moment,sadness
This makes me want to cry right now,sadness
I feel very sad today in this moment,sadness
I feel depressed and tired right now,sadness
This makes me want to cry,sadness
I feel depressed and tired,sadness
I feel empty inside very much,sadness
I am lonely and hurt in this moment,sadness
This makes me want to cry in this moment,sadness
I feel very sad today right now,sadness
I feel empty inside a lot,sadness
I feel empty inside right now,sadness
I feel depressed and tired right now,sadness
I feel empty inside in this moment,sadness
This makes me want to cry,sadness
I feel empty inside in this moment,sadness
I feel depressed and tired,sadness
I feel empty inside very much,sadness
I feel depressed and tired right now,sadness
I feel depressed and tired,sadness
I feel very sad today right now,sadness
I am lonely and hurt,sadness
I feel empty inside,sadness
I feel depressed and tired very much,sadness
I feel empty inside very much,sadness
I feel empty inside today,sadness
I am lonely and hurt a lot,sadness
This makes me want to cry,sadness
I feel empty inside today,sadness
This makes me want to cry a lot,sadness
I feel depressed and tired a lot,sadness
I am lonely and hurt today,sadness
I feel very sad today a lot,sadness
I feel empty inside right now,sadness
I feel empty inside a lot,sadness
I feel empty inside,sadness
I am lonely and hurt very much,sadness
I feel depressed and tired a lot,sadness
I am lonely and hurt in this moment,sadness
I am lonely and hurt right now,sadness
I am lonely and hurt,sadness
I am lonely and hurt in this moment,sadness
This makes me want to cry very much,sadness
I feel very sad today today,sadness
This makes me want to cry,sadness
I feel depressed and tired today,sadness
I feel very sad today today,sadness
I feel empty inside a lot,sadness
This makes me want to cry in this moment,sadness
This makes me want to cry very much,sadness
This makes me want to cry a lot,sadness
This makes me want to cry a lot,sadness
This makes me want to cry very much,sadness
This makes me want to cry in this moment,sadness
I feel very sad today right now,sadness
I feel depressed and tired very much,sadness
I feel depressed and tired a lot,sadness
I feel empty inside in this moment,sadness
This makes me want to cry,sadness
I am lonely and hurt today,sadness
I feel very sad today,sadness
I feel very sad today in this moment,sadness
I feel very sad today in this moment,sadness
I feel empty inside today,sadness
I feel empty inside very much,sadness
I feel depressed and tired in this moment,sadness
I am lonely and hurt right now,sadness
I am lonely and hurt in this moment,sadness
This makes me want to cry a lot,sadness
This makes me want to cry right now,sadness
I feel very sad today right now,sadness
This makes me want to cry a lot,sadness
I feel empty inside a lot,sadness
I feel empty inside,sadness
I am lonely and hurt a lot,sadness
I feel very sad today right now,sadness
I am lonely and hurt today,sadness
I feel very sad today today,sadness
I feel very sad today today,sadness
I feel depressed and tired very much,sadness
I feel empty inside in this moment,sadness
This makes me want to cry right now,sadness
I feel very sad today a lot,sadness
I am lonely and hurt a lot,sadness
I feel very sad today today,sadness
I feel depressed and tired a lot,sadness
I feel empty inside a lot,sadness
This makes me want to cry,sadness
This makes me want to cry right now,sadness
I feel depressed and tired,sadness
I feel very sad today very much,sadness
This makes me want to cry right now,sadness
This makes me want to cry in this moment,sadness
I feel very sad today today,sadness
This makes me want to cry a lot,sadness
I am lonely and hurt a lot,sadness
I am lonely and hurt in this moment,sadness
I feel very sad today very much,sadness
I am lonely and hurt very much,sadness
I am lonely and hurt a lot,sadness
I am lonely and hurt today,sadness
I am lonely and hurt right now,sadness
This makes me want to cry a lot,sadness
This makes me want to cry,sadness
I feel depressed and tired right now,sadness
I am lonely and hurt right now,sadness
I feel very sad today,sadness
I feel depressed and tired a lot,sadness
I am lonely and hurt right now,sadness
This makes me want to cry today,sadness
I feel very sad today a lot,sadness
This makes me want to cry,sadness
I feel depressed and tired right now,sadness
I am lonely and hurt in this moment,sadness
I feel depressed and tired right now,sadness
I feel very sad today right now,sadness
I feel very sad today very much,sadness
I am lonely and hurt right now,sadness
I feel very sad today in this moment,sadness
This makes me uncomfortable,disgust
This is disgusting right now,disgust
That was gross very much,disgust
This is disgusting a lot,disgust
I feel repulsed by this right now,disgust
This is disgusting a lot,disgust
That was gross very much,disgust
That was gross very much,disgust
I hate what I saw very much,disgust
I hate what I saw,disgust
I hate what I saw right now,disgust
I feel repulsed by this in this moment,disgust
That was gross today,disgust
I feel repulsed by this in this moment,disgust
That was gross right now,disgust
That was gross,disgust
That was gross a lot,disgust
This is disgusting today,disgust
I hate what I saw very much,disgust
This is disgusting in this moment,disgust
This is disgusting a lot,disgust
That was gross,disgust
This is disgusting,disgust
This makes me uncomfortable right now,disgust
This is disgusting in this moment,disgust
This makes me uncomfortable right now,disgust
That was gross a lot,disgust
That was gross a lot,disgust
This is disgusting very much,disgust
I feel repulsed by this today,disgust
This is disgusting right now,disgust
I feel repulsed by this in this moment,disgust
I feel repulsed by this a lot,disgust
That was gross today,disgust
This makes me uncomfortable right now,disgust
That was gross today,disgust
I hate what I saw right now,disgust
This makes me uncomfortable today,disgust
I feel repulsed by this right now,disgust
I feel repulsed by this right now,disgust
I feel repulsed by this very much,disgust
This makes me uncomfortable very much,disgust
That was gross today,disgust
This is disgusting right now,disgust
I feel repulsed by this today,disgust
I hate what I saw very much,disgust
I feel repulsed by this,disgust
That was gross today,disgust
That was gross very much,disgust
I hate what I saw today,disgust
This is disgusting a lot,disgust
That was gross a lot,disgust
This is disgusting,disgust
This makes me uncomfortable in this moment,disgust
This is disgusting today,disgust
This is disgusting very much,disgust
That was gross a lot,disgust
I hate what I saw very much,disgust
That was gross very much,disgust
This is disgusting very much,disgust
I feel repulsed by this today,disgust
I hate what I saw right now,disgust
This makes me uncomfortable in this moment,disgust
This is disgusting a lot,disgust
I feel repulsed by this right now,disgust
I feel repulsed by this a lot,disgust
That was gross right now,disgust
This is disgusting in this moment,disgust
This makes me uncomfortable today,disgust
I hate what I saw right now,disgust
I hate what I saw a lot,disgust
I feel repulsed by this in this moment,disgust
This is disgusting right now,disgust
This makes me uncomfortable right now,disgust
I feel repulsed by this a lot,disgust
I hate what I saw in this moment,disgust
I feel repulsed by this in this moment,disgust
This is disgusting in this moment,disgust
This is disgusting a lot,disgust
I feel repulsed by this a lot,disgust
That was gross very much,disgust
That was gross in this moment,disgust
I hate what I saw a lot,disgust
I feel repulsed by this in this moment,disgust
That was gross today,disgust
That was gross today,disgust
This is disgusting today,disgust
This is disgusting very much,disgust
This is disgusting,disgust
That was gross right now,disgust
I feel repulsed by this,disgust
I hate what I saw right now,disgust
I hate what I saw in this moment,disgust
This makes me uncomfortable a lot,disgust
This is disgusting right now,disgust
This is disgusting a lot,disgust
This is disgusting right now,disgust
I feel repulsed by this right now,disgust
That was gross,disgust
I hate what I saw in this moment,disgust
This is disgusting a lot,disgust
That was gross today,disgust
I hate what I saw a lot,disgust
This makes me uncomfortable right now,disgust
This makes me uncomfortable today,disgust
That was gross a lot,disgust
This makes me uncomfortable very much,disgust
This makes me uncomfortable today,disgust
This makes me uncomfortable right now,disgust
I hate what I saw right now,disgust
This is disgusting right now,disgust
I hate what I saw a lot,disgust
That was gross today,disgust
This is disgusting today,disgust
This is disgusting today,disgust
That was gross right now,disgust
This makes me uncomfortable very much,disgust
I hate what I saw today,disgust
I hate what I saw right now,disgust
That was gross in this moment,disgust
I feel repulsed by this very much,disgust
I hate what I saw right now,disgust
This makes me uncomfortable a lot,disgust
This is disgusting,disgust
This makes me uncomfortable very much,disgust
This is disgusting today,disgust
That was gross today,disgust
This is disgusting right now,disgust
That was gross right now,disgust
I hate what I saw today,disgust
That was gross very much,disgust
I hate what I saw today,disgust
This makes me uncomfortable today,disgust
This is disgusting today,disgust
I hate what I saw very much,disgust
This is disgusting very much,disgust
This is disgusting right now,disgust
This is disgusting very much,disgust
I hate what I saw,disgust
This makes me uncomfortable very much,disgust
This makes me uncomfortable,disgust
I hate what I saw right now,disgust
That was gross in this moment,disgust
I feel repulsed by this in this moment,disgust
This makes me uncomfortable,disgust
This is disgusting,disgust
This makes me uncomfortable a lot,disgust
That was gross,disgust
I feel repulsed by this right now,disgust
That was gross right now,disgust
I feel repulsed by this today,disgust
That was gross very much,disgust
This makes me uncomfortable today,disgust
This makes me uncomfortable in this moment,disgust
I hate what I saw today,disgust
I feel repulsed by this today,disgust
This makes me uncomfortable a lot,disgust
I hate what I saw today,disgust
I feel repulsed by this,disgust
This is disgusting right now,disgust
I feel repulsed by this a lot,disgust
I hate what I saw very much,disgust
This is disgusting very much,disgust
This is disgusting right now,disgust
I hate what I saw in this moment,disgust
I feel repulsed by this in this moment,disgust
I feel repulsed by this right now,disgust
I feel repulsed by this very much,disgust
I hate what I saw right now,disgust
This is disgusting today,disgust
I feel repulsed by this very much,disgust
This is disgusting,disgust
That was gross today,disgust
This makes me uncomfortable in this moment,disgust
I feel repulsed by this right now,disgust
This is disgusting in this moment,disgust
I hate what I saw very much,disgust
I feel repulsed by this very much,disgust
I feel repulsed by this a lot,disgust
This is disgusting in this moment,disgust
I hate what I saw,disgust
I feel repulsed by this in this moment,disgust
This makes me uncomfortable in this moment,disgust
That was gross today,disgust
That was gross in this moment,disgust
This makes me uncomfortable a lot,disgust
I feel repulsed by this in this moment,disgust
I feel repulsed by this very much,disgust
That was gross in this moment,disgust
I hate what I saw a lot,disgust
I feel repulsed by this very much,disgust
This is disgusting,disgust
This is disgusting in this moment,disgust
This is disgusting a lot,disgust
That was gross in this moment,disgust
This makes me uncomfortable a lot,disgust
I hate what I saw right now,disgust
That was gross today,disgust
That was gross today,disgust
I feel repulsed by this a lot,disgust
I feel very angry very much,anger
I am mad about this very much,anger
This makes me furious,anger
This makes me furious,anger
I feel very angry in this moment,anger
I am mad about this a lot,anger
I feel frustrated a lot,anger
This situation annoys me in this moment,anger
I feel very angry very much,anger
This makes me furious a lot,anger
I feel frustrated,anger
I feel frustrated today,anger
I am mad about this today,anger
I am mad about this in this moment,anger
I am mad about this very much,anger
I am mad about this very much,anger
I feel frustrated a lot,anger
I am mad about this right now,anger
This makes me furious,anger
This situation annoys me,anger
This situation annoys me a lot,anger
I am mad about this very much,anger
This makes me furious right now,anger
This makes me furious in this moment,anger
This situation annoys me a lot,anger
This makes me furious very much,anger
This situation annoys me a lot,anger
This makes me furious a lot,anger
I feel very angry very much,anger
This makes me furious today,anger
I feel frustrated today,anger
This situation annoys me right now,anger
I am mad about this a lot,anger
I am mad about this in this moment,anger
I feel very angry,anger
I feel frustrated in this moment,anger
This makes me furious,anger
I feel very angry very much,anger
I feel frustrated in this moment,anger
This makes me furious today,anger
This makes me furious in this moment,anger
I feel frustrated today,anger
This situation annoys me right now,anger
I feel very angry in this moment,anger
I feel frustrated today,anger
This makes me furious today,anger
I feel frustrated a lot,anger
I am mad about this in this moment,anger
This makes me furious right now,anger
This makes me furious right now,anger
This situation annoys me right now,anger
I am mad about this very much,anger
This situation annoys me very much,anger
I am mad about this today,anger
I feel very angry right now,anger
I am mad about this,anger
This situation annoys me today,anger
This situation annoys me,anger
I feel frustrated today,anger
I feel frustrated in this moment,anger
This situation annoys me right now,anger
This makes me furious right now,anger
I feel very angry in this moment,anger
This makes me furious today,anger
This makes me furious a lot,anger
I feel frustrated,anger
This makes me furious a lot,anger
I am mad about this a lot,anger
This situation annoys me in this moment,anger
This situation annoys me right now,anger
I feel very angry today,anger
This situation annoys me right now,anger
I feel very angry,anger
I feel very angry in this moment,anger
This makes me furious in this moment,anger
This makes me furious,anger
This situation annoys me,anger
I am mad about this,anger
This situation annoys me,anger
I feel frustrated today,anger
This makes me furious today,anger
This situation annoys me very much,anger
This situation annoys me today,anger
I feel frustrated in this moment,anger
I am mad about this right now,anger
I am mad about this in this moment,anger
I feel frustrated very much,anger
This situation annoys me very much,anger
This makes me furious very much,anger
I am mad about this a lot,anger
I feel frustrated,anger
This makes me furious in this moment,anger
I feel very angry in this moment,anger
I feel very angry,anger
I am mad about this a lot,anger
I feel frustrated a lot,anger
This makes me furious very much,anger
I feel frustrated today,anger
I am mad about this today,anger
This makes me furious,anger
This situation annoys me today,anger
This makes me furious in this moment,anger
I feel very angry a lot,anger
This makes me furious in this moment,anger
This situation annoys me in this moment,anger
This situation annoys me,anger
I feel very angry today,anger
This situation annoys me today,anger
This situation annoys me in this moment,anger
I feel frustrated very much,anger
I feel very angry a lot,anger
I am mad about this a lot,anger
I feel frustrated,anger
I feel very angry today,anger
I feel frustrated very much,anger
This situation annoys me right now,anger
I feel very angry,anger
I feel frustrated a lot,anger
This makes me furious very much,anger
I feel frustrated in this moment,anger
This situation annoys me very much,anger
I feel very angry in this moment,anger
This makes me furious right now,anger
This makes me furious in this moment,anger
I feel frustrated a lot,anger
I feel very angry in this moment,anger
I am mad about this in this moment,anger
I am mad about this very much,anger
I feel very angry today,anger
I am mad about this right now,anger
I feel frustrated in this moment,anger
I feel very angry today,anger
This situation annoys me very much,anger
I am mad about this very much,anger
This makes me furious a lot,anger
This situation annoys me in this moment,anger
I feel very angry,anger
I feel frustrated in this moment,anger
This makes me furious a lot,anger
I feel frustrated right now,anger
This situation annoys me today,anger
This makes me furious,anger
This situation annoys me a lot,anger
This makes me furious right now,anger
I feel very angry,anger
I am mad about this very much,anger
I am mad about this in this moment,anger
I feel frustrated a lot,anger
I am mad about this right now,anger
This makes me furious today,anger
I am mad about this in this moment,anger
This makes me furious today,anger
I am mad about this very much,anger
This situation annoys me very much,anger
I feel frustrated right now,anger
This makes me furious,anger
I am mad about this very much,anger
I feel frustrated very much,anger
I feel very angry right now,anger
This makes me furious in this moment,anger
I feel frustrated a lot,anger
I feel frustrated,anger
I feel very angry in this moment,anger
I feel very angry today,anger
I feel frustrated,anger
This makes me furious,anger
This makes me furious very much,anger
This situation annoys me in this moment,anger
I feel frustrated a lot,anger
I feel very angry,anger
I am mad about this a lot,anger
I am mad about this very much,anger
I feel frustrated,anger
I feel very angry,anger
I feel frustrated right now,anger
I am mad about this right now,anger
This makes me furious very much,anger
I am mad about this very much,anger
I feel frustrated,anger
I feel frustrated a lot,anger
I feel frustrated right now,anger
I feel frustrated right now,anger
I feel very angry right now,anger
I feel very angry in this moment,anger
I am mad about this very much,anger
This situation annoys me today,anger
I feel frustrated a lot,anger
This makes me furious right now,anger
This makes me furious today,anger
I am mad about this very much,anger
I am mad about this in this moment,anger
This makes me furious a lot,anger
I am mad about this very much,anger
This makes me furious today,anger
I feel very angry in this moment,anger
I feel frustrated a lot,anger
This makes me furious a lot,anger
This situation annoys me in this moment,anger
I feel very angry a lot,anger
This makes me furious very much,anger
I am waiting for something very much,anticipation
I am waiting for something today,anticipation
I feel curious about what comes next very much,anticipation
I feel excited about the future a lot,anticipation
I am waiting for something,anticipation
I expect something important,anticipation
I feel excited about the future very much,anticipation
I am looking forward to it a lot,anticipation
I am waiting for something in this moment,anticipation
I am looking forward to it,anticipation
I am looking forward to it very much,anticipation
I feel curious about what comes next,anticipation
I expect something important today,anticipation
I feel excited about the future today,anticipation
I expect something important in this moment,anticipation
I am waiting for something right now,anticipation
I am waiting for something in this moment,anticipation
I feel excited about the future today,anticipation
I feel curious about what comes next,anticipation
I expect something important right now,anticipation
I feel curious about what comes next in this moment,anticipation
I am waiting for something right now,anticipation
I am looking forward to it today,anticipation
I expect something important very much,anticipation
I feel curious about what comes next in this moment,anticipation
I feel excited about the future in this moment,anticipation
I feel excited about the future today,anticipation
I am looking forward to it today,anticipation
I feel curious about what comes next a lot,anticipation
I am looking forward to it in this moment,anticipation
I feel excited about the future,anticipation
I am looking forward to it very much,anticipation
I expect something important,anticipation
I feel curious about what comes next in this moment,anticipation
I expect something important today,anticipation
I am looking forward to it right now,anticipation
I expect something important,anticipation
I feel curious about what comes next today,anticipation
I feel excited about the future in this moment,anticipation
I feel excited about the future in this moment,anticipation
I feel excited about the future today,anticipation
I feel curious about what comes next a lot,anticipation
I am waiting for something today,anticipation
I am waiting for something right now,anticipation
I feel curious about what comes next right now,anticipation
I am looking forward to it a lot,anticipation
I am looking forward to it very much,anticipation
I am looking forward to it right now,anticipation
I expect something important right now,anticipation
I feel excited about the future today,anticipation
I am looking forward to it right now,anticipation
I expect something important a lot,anticipation
I am looking forward to it very much,anticipation
I am waiting for something,anticipation
I am looking forward to it,anticipation
I am looking forward to it in this moment,anticipation
I feel curious about what comes next a lot,anticipation
I feel excited about the future today,anticipation
I feel excited about the future a lot,anticipation
I am waiting for something a lot,anticipation
I am looking forward to it very much,anticipation
I expect something important in this moment,anticipation
I am looking forward to it,anticipation
I expect something important today,anticipation
I feel curious about what comes next right now,anticipation
I feel excited about the future a lot,anticipation
I am looking forward to it a lot,anticipation
I am waiting for something,anticipation
I feel curious about what comes next right now,anticipation
I am looking forward to it,anticipation
I feel excited about the future a lot,anticipation
I am waiting for something in this moment,anticipation
I am waiting for something in this moment,anticipation
I am looking forward to it today,anticipation
I feel excited about the future,anticipation
I expect something important a lot,anticipation
I feel excited about the future right now,anticipation
I feel excited about the future in this moment,anticipation
I feel curious about what comes next today,anticipation
I am looking forward to it right now,anticipation
I feel curious about what comes next today,anticipation
I feel curious about what comes next a lot,anticipation
I feel curious about what comes next,anticipation
I expect something important right now,anticipation
I feel curious about what comes next today,anticipation
I feel curious about what comes next in this moment,anticipation
I am waiting for something a lot,anticipation
I am waiting for something right now,anticipation
I feel excited about the future,anticipation
I am waiting for something in this moment,anticipation
I expect something important very much,anticipation
I feel curious about what comes next a lot,anticipation
I am looking forward to it today,anticipation
I expect something important in this moment,anticipation
I feel excited about the future in this moment,anticipation
I am waiting for something in this moment,anticipation
I expect something important today,anticipation
I expect something important right now,anticipation
I expect something important very much,anticipation
I am looking forward to it in this moment,anticipation
I feel curious about what comes next today,anticipation
I feel excited about the future right now,anticipation
I expect something important,anticipation
I am waiting for something very much,anticipation
I feel curious about what comes next a lot,anticipation
I am looking forward to it,anticipation
I feel excited about the future a lot,anticipation
I am looking forward to it today,anticipation
I am waiting for something very much,anticipation
I feel excited about the future a lot,anticipation
I feel excited about the future a lot,anticipation
I expect something important,anticipation
I feel excited about the future very much,anticipation
I feel curious about what comes next very much,anticipation
I feel excited about the future right now,anticipation
I expect something important a lot,anticipation
I am looking forward to it very much,anticipation
I am waiting for something a lot,anticipation
I expect something important a lot,anticipation
I feel excited about the future right now,anticipation
I am looking forward to it right now,anticipation
I feel excited about the future a lot,anticipation
I am looking forward to it in this moment,anticipation
I am waiting for something very much,anticipation
I am looking forward to it a lot,anticipation
I am looking forward to it a lot,anticipation
I feel curious about what comes next,anticipation
I feel excited about the future right now,anticipation
I feel curious about what comes next in this moment,anticipation
I am waiting for something today,anticipation
I am waiting for something in this moment,anticipation
I expect something important,anticipation
I feel excited about the future,anticipation
I am waiting for something,anticipation
I expect something important today,anticipation
I expect something important very much,anticipation
I feel curious about what comes next,anticipation
I feel curious about what comes next today,anticipation
I feel excited about the future right now,anticipation
I feel excited about the future right now,anticipation
I am waiting for something,anticipation
I am waiting for something in this moment,anticipation
I feel excited about the future today,anticipation
I am waiting for something today,anticipation
I feel curious about what comes next right now,anticipation
I feel curious about what comes next a lot,anticipation
I feel excited about the future,anticipation
I am waiting for something,anticipation
I am waiting for something a lot,anticipation
I am waiting for something right now,anticipation
I feel curious about what comes next right now,anticipation
I am waiting for something today,anticipation
I expect something important in this moment,anticipation
I expect something important a lot,anticipation
I am looking forward to it today,anticipation
I feel curious about what comes next right now,anticipation
I expect something important in this moment,anticipation
I feel excited about the future today,anticipation
I expect something important in this moment,anticipation
I feel curious about what comes next a lot,anticipation
I am waiting for something today,anticipation
I expect something important right now,anticipation
I feel excited about the future today,anticipation
I expect something important very much,anticipation
I am looking forward to it a lot,anticipation
I expect something important right now,anticipation
I am looking forward to it,anticipation
I am looking forward to it in this moment,anticipation
I am looking forward to it a lot,anticipation
I am looking forward to it today,anticipation
I am waiting for something a lot,anticipation
I feel curious about what comes next a lot,anticipation
I am waiting for something a lot,anticipation
I expect something important,anticipation
I feel excited about the future,anticipation
I expect something important,anticipation
I feel excited about the future a lot,anticipation
I expect something important today,anticipation
I am looking forward to it very much,anticipation
I am waiting for something very much,anticipation
I feel curious about what comes next today,anticipation
I expect something important today,anticipation
I am looking forward to it right now,anticipation
I feel excited about the future very much,anticipation
I feel excited about the future a lot,anticipation
I expect something important today,anticipation
I am looking forward to it very much,anticipation
I am waiting for something in this moment,anticipation
I expect something important today,anticipation
I expect something important in this moment,anticipation
I feel curious about what comes next very much,anticipation
I expect something important in this moment,anticipation
I feel excited about the future very much,anticipation
I feel excited about the future a lot,anticipation
I am looking forward to it in this moment,anticipation
I feel curious about what comes next today,anticipation
I expect something important right now,anticipation
I feel curious about what comes next in this moment,anticipation
I feel excited about the future today,anticipation
I am waiting for something right now,anticipation
